{"location": "44.447, 26.0185", "trained_date": "2026-02-01 16:24", "mae": 0.026610368862748146, "loss": 0.0018525708001106977, "data_points": 43848, "epochs": 12}