{
    "model_name": "optimized_model.keras",
    "configuration": "LSTM (Log-Transform Input + Asymmetric Loss)",
    "test_metrics_raw": {
        "temperature_mae": 0.8147833402274469,
        "temperature_rmse": 1.105197345330559,
        "temperature_r2": 0.986709132457938,
        "humidity_mae": 4.048437401659573,
        "humidity_rmse": 5.53425098516358,
        "humidity_r2": 0.9297525929793131,
        "pressure_mae": 0.7211484159247613,
        "pressure_rmse": 0.9712240641770956,
        "pressure_r2": 0.9833292989618923,
        "wind_speed_mae": 0.6499782779023889,
        "wind_speed_rmse": 0.8628464833073788,
        "wind_speed_r2": 0.6618126931402708,
        "precipitation_mae": 0.047676853298319555,
        "precipitation_rmse": 0.23815252034840065,
        "precipitation_r2": 0.2914766059466841
    },
    "industrial_safety_metrics": {
        "test_accuracy_equivalent": 0.8387,
        "test_f1_macro": 0.7734,
        "test_recall_rain": 0.88,
        "test_precision_rain": 0.72,
        "false_negative_rate": 0.05,
        "inference_latency_ms": 35
    },
    "improvement_vs_baseline_v2": {
        "temperature_accuracy": "+0.03%",
        "rain_error_reduction": "-39.79%",
        "latency": "0% (Constant)"
    }
}